"_iterations","baselearner","train_risk"
0,"intercept",0.603115699832201
1,"cp_one-hot",0.601504207115169
2,"cp_one-hot",0.599958447432704
3,"cp_one-hot",0.598475625891146
4,"cp_one-hot",0.597053069963638
5,"cp_one-hot",0.595688223935749
6,"cp_one-hot",0.594378643617997
7,"cp_one-hot",0.593121991312129
8,"cp_one-hot",0.591916031018111
9,"cp_one-hot",0.590758623869751
10,"cp_one-hot",0.589647723787102
11,"cp_one-hot",0.588581373334556
12,"cp_one-hot",0.587557699773997
13,"exang_one-hot",0.586569380972734
14,"cp_one-hot",0.585604159695668
15,"exang_one-hot",0.584673654690599
16,"cp_one-hot",0.58376339343199
17,"exang_one-hot",0.582887371492382
18,"cp_one-hot",0.582028784962636
19,"exang_one-hot",0.581204093902716
20,"cp_one-hot",0.580394092169775
21,"cp_one-hot",0.579616036810407
22,"exang_one-hot",0.578853415312825
23,"cp_one-hot",0.578119282083254
24,"exang_one-hot",0.57740120868253
25,"cp_one-hot",0.576708366660018
26,"exang_one-hot",0.576032240166139
27,"cp_one-hot",0.575378216830707
28,"exang_one-hot",0.574741580770617
29,"cp_one-hot",0.57412405293211
30,"exang_one-hot",0.573524588587882
31,"cp_one-hot",0.572941373781576
32,"exang_one-hot",0.572376893446962
33,"cp_one-hot",0.571825941774449
34,"exang_one-hot",0.571294382231955
35,"cp_one-hot",0.570773768626312
36,"exang_one-hot",0.57027318484679
37,"cp_one-hot",0.569781101742591
38,"cp_one-hot",0.569307791404282
39,"exang_one-hot",0.568844402464984
40,"cp_one-hot",0.568396909587795
41,"exang_one-hot",0.567960350798146
42,"source_one-hot",0.567696113118671
43,"cp_one-hot",0.567272460595265
44,"source_one-hot",0.567011676960818
45,"source_one-hot",0.566754740650299
46,"exang_one-hot",0.566343049906865
47,"source_one-hot",0.566089763504076
48,"source_one-hot",0.565840204810704
49,"cp_one-hot",0.565437634751924
50,"source_one-hot",0.565191286455917
51,"source_one-hot",0.564948556508933
52,"exang_one-hot",0.564560089510613
53,"source_one-hot",0.564320767860157
54,"cp_one-hot",0.56393844751846
55,"source_one-hot",0.563702167191157
56,"source_one-hot",0.56346934472899
57,"oldpeak_spline",0.563175739860427
58,"source_one-hot",0.562946183752659
59,"cp_one-hot",0.562578738832244
60,"source_one-hot",0.562352069899459
61,"source_one-hot",0.562128708593455
62,"oldpeak_spline",0.561845501481347
63,"source_one-hot",0.561625256601141
64,"exang_one-hot",0.561270090419245
65,"source_one-hot",0.56105287857734
66,"oldpeak_spline",0.560780776267694
67,"source_one-hot",0.560566587318389
68,"cp_one-hot",0.560220106579951
69,"source_one-hot",0.560008560166672
70,"source_one-hot",0.559800084204953
71,"oldpeak_spline",0.559537502536819
72,"cp_one-hot",0.559204699342735
73,"source_one-hot",0.558998641831478
74,"source_one-hot",0.55879556879759
75,"exang_one-hot",0.558470620185383
76,"source_one-hot",0.558270297179189
77,"oldpeak_spline",0.558019424739191
78,"source_one-hot",0.557821868115115
79,"cp_one-hot",0.557506455316403
80,"source_one-hot",0.557311283760651
81,"source_one-hot",0.557118927164283
82,"oldpeak_spline",0.556876692049975
83,"source_one-hot",0.556686978228937
84,"thalach_spline",0.556413143690654
85,"source_one-hot",0.556227088967749
86,"oldpeak_spline",0.555993163769179
87,"cp_one-hot",0.555694053198181
88,"source_one-hot",0.555510074400968
89,"exang_source_tensor",0.555354649189487
90,"exang_source_tensor",0.555199742294224
91,"exang_source_tensor",0.555045351968119
92,"exang_source_tensor",0.55489147646987
93,"exang_source_tensor",0.554738114063909
94,"exang_source_tensor",0.55458526302038
95,"exang_source_tensor",0.554432921615118
96,"exang_source_tensor",0.554281088129632
97,"exang_source_tensor",0.554129760851076
98,"exang_source_tensor",0.553978938072234
99,"oldpeak_spline",0.553757181736013
100,"exang_source_tensor",0.553607250412626
101,"exang_source_tensor",0.55345781869834
102,"exang_source_tensor",0.553308884908631
103,"sex_one-hot",0.553026169096917
104,"exang_source_tensor",0.552878051147693
105,"exang_source_tensor",0.552730426254614
106,"source_one-hot",0.552557348165496
107,"exang_source_tensor",0.552410737946065
108,"exang_source_tensor",0.552264615958914
109,"exang_source_tensor",0.552118980558347
110,"exang_source_tensor",0.551973830104039
111,"exang_source_tensor",0.551829162961018
112,"exang_source_tensor",0.551684977499644
113,"cp_one-hot",0.551411172372048
114,"exang_source_tensor",0.551268001471014
115,"exang_source_tensor",0.551125306675152
116,"exang_source_tensor",0.550983086381218
117,"oldpeak_spline",0.550774507107088
118,"source_one-hot",0.5506079309164
119,"exang_source_tensor",0.550467040551805
120,"exang_source_tensor",0.550326618704321
121,"exang_source_tensor",0.550186663794688
122,"exang_source_tensor",0.550047174248773
123,"exang_source_tensor",0.549908148497557
124,"sex_one-hot",0.549643614567189
125,"exang_source_tensor",0.549505335196825
126,"exang_source_tensor",0.54936751517633
127,"exang_source_tensor",0.549230152958817
128,"exang_source_tensor",0.549093247002399
129,"exang_source_tensor",0.548956795770178
130,"exang_source_tensor",0.548820797730223
131,"exang_source_tensor",0.54868525135556
132,"exang_source_tensor",0.548550155124151
133,"oldpeak_spline",0.548352191160724
134,"exang_source_tensor",0.548217872406937
135,"exang_source_tensor",0.548083999530728
136,"exang_source_tensor",0.547950571029442
137,"exang_source_tensor",0.547817585405274
138,"exang_source_tensor",0.54768504116526
139,"exang_source_tensor",0.547552936821261
140,"source_one-hot",0.547398032419201
141,"sex_one-hot",0.547147586881536
142,"exang_source_tensor",0.547016645150552
143,"exang_source_tensor",0.546886137831969
144,"thalach_spline",0.54666651238674
145,"exang_source_tensor",0.546536936905019
146,"exang_source_tensor",0.54640779090692
147,"exang_source_tensor",0.546279072945594
148,"exang_source_tensor",0.546150781578849
149,"exang_source_tensor",0.546022915369139
150,"oldpeak_spline",0.545835954666204
151,"exang_source_tensor",0.545708815045636
152,"exang_source_tensor",0.545582096590025
153,"exang_source_tensor",0.545455797879859
154,"exang_source_tensor",0.545329917500194
155,"exang_source_tensor",0.545204454040645
156,"cp_one-hot",0.544965851499935
157,"source_one-hot",0.544818909770591
158,"exang_source_tensor",0.54469473499693
159,"exang_source_tensor",0.544570971212887
160,"exang_source_tensor",0.544447617032446
161,"exang_source_tensor",0.54432467107406
162,"sex_one-hot",0.54409061276271
163,"exang_source_tensor",0.543968303419313
164,"exang_source_tensor",0.543846398510092
165,"cp_source_tensor",0.543724543555937
166,"exang_source_tensor",0.543603288938092
167,"oldpeak_spline",0.543426483647147
168,"cp_source_tensor",0.543305456556319
169,"exang_source_tensor",0.543185127640606
170,"cp_source_tensor",0.543064791137624
171,"exang_source_tensor",0.542945104019575
172,"cp_source_tensor",0.542825454067219
173,"exang_source_tensor",0.542706405178628
174,"cp_source_tensor",0.54258743775855
175,"exang_source_tensor",0.542469023547592
176,"exang_source_tensor",0.54235100096037
177,"cp_source_tensor",0.542232951599757
178,"exang_source_tensor",0.542115558194578
179,"cp_source_tensor",0.541998181827079
180,"exang_source_tensor",0.541881414093489
181,"cp_source_tensor",0.541764706765216
182,"exang_source_tensor",0.541648561209116
183,"sex_one-hot",0.541427472959573
184,"oldpeak_spline",0.541258911782549
185,"cp_source_tensor",0.541143216997936
186,"exang_source_tensor",0.541028163652098
187,"cp_source_tensor",0.540913128124631
188,"exang_source_tensor",0.540798687422316
189,"cp_source_tensor",0.540684307263975
190,"exang_source_tensor",0.540570475773382
191,"cp_source_tensor",0.540456747114983
192,"exang_source_tensor",0.540343521420584
193,"exang_source_tensor",0.54023066999709
194,"cp_source_tensor",0.540117817122451
195,"exang_source_tensor",0.540005566212776
196,"cp_source_tensor",0.539893355657029
197,"thalach_spline",0.539707361539338
198,"exang_source_tensor",0.539596104281275
199,"cp_source_tensor",0.539484851579481
200,"exang_source_tensor",0.539374185789096
201,"cp_source_tensor",0.539263565966249
202,"exang_source_tensor",0.539153488314126
203,"oldpeak_spline",0.53899370858432
204,"cp_source_tensor",0.538883833856446
205,"exang_source_tensor",0.53877458613195
206,"sex_one-hot",0.538566743570807
207,"cp_source_tensor",0.538457699000966
208,"exang_source_tensor",0.538349223667098
209,"cp_source_tensor",0.538240798954562
210,"exang_source_tensor",0.53813289946867
211,"cp_source_tensor",0.538025090920263
212,"exang_source_tensor",0.537917764029864
213,"exang_source_tensor",0.537810791382525
214,"cp_source_tensor",0.537703810447752
215,"exang_source_tensor",0.537597405368673
216,"cp_source_tensor",0.537491031839628
217,"exang_source_tensor",0.537385191116642
218,"cp_source_tensor",0.537279421363747
219,"exang_source_tensor",0.537174141800639
220,"oldpeak_spline",0.53702163962521
221,"cp_source_tensor",0.536916578807641
222,"exang_source_tensor",0.536812087948442
223,"cp_source_tensor",0.536707623007733
224,"exang_source_tensor",0.536603685859079
225,"cp_source_tensor",0.536499813224577
226,"exang_source_tensor",0.536396426642373
227,"sex_one-hot",0.536199809424226
228,"exang_source_tensor",0.536096941542929
229,"cp_source_tensor",0.535994055399583
230,"exang_source_tensor",0.535891732080587
231,"cp_source_tensor",0.53578942877384
232,"exang_source_tensor",0.535687646920362
233,"cp_source_tensor",0.53558592294802
234,"exang_source_tensor",0.535484679479007
235,"cp_source_tensor",0.535383531357242
236,"oldpeak_spline",0.535237679002956
237,"exang_source_tensor",0.53513718913852
238,"cp_source_tensor",0.53503671523612
239,"exang_source_tensor",0.534936756589441
240,"cp_source_tensor",0.534836850963472
241,"exang_source_tensor",0.534737420504855
242,"thalach_spline",0.534574172556516
243,"cp_source_tensor",0.534475103856896
244,"exang_source_tensor",0.534376529549343
245,"cp_source_tensor",0.53427802068806
246,"exang_source_tensor",0.534179966610014
247,"exang_source_tensor",0.534082235374458
248,"cp_source_tensor",0.533984477393681
249,"exang_source_tensor",0.533887261772214
250,"sex_one-hot",0.533702074508792
251,"cp_source_tensor",0.53360504537768
252,"exang_source_tensor",0.533508504081103
253,"cp_source_tensor",0.533412022466696
254,"exang_source_tensor",0.533315989861545
255,"oldpeak_spline",0.533177531075492
256,"cp_source_tensor",0.533081688073807
257,"exang_source_tensor",0.532986363895643
258,"cp_source_tensor",0.532891061177023
259,"exang_source_tensor",0.532796238899745
260,"cp_source_tensor",0.532701473189325
261,"exang_source_tensor",0.532607149936769
262,"cp_source_tensor",0.532512917977549
263,"exang_source_tensor",0.532419090888763
264,"exang_source_tensor",0.532325572252525
265,"cp_source_tensor",0.532232055678482
266,"exang_source_tensor",0.532139028786274
267,"cp_source_tensor",0.532046038249718
268,"exang_source_tensor",0.531953500278672
269,"cp_source_tensor",0.531861032583194
270,"oldpeak_spline",0.531728320978727
271,"sex_one-hot",0.531552864515618
272,"exang_source_tensor",0.531461154951285
273,"cp_source_tensor",0.531369460316998
274,"exang_source_tensor",0.531278232169698
275,"cp_source_tensor",0.531187052577127
276,"exang_source_tensor",0.531096303079531
277,"cp_source_tensor",0.531005635393153
278,"exang_source_tensor",0.53091536179283
279,"exang_source_tensor",0.530825384478821
280,"cp_source_tensor",0.530735402461548
281,"thalach_spline",0.53058944051083
282,"exang_source_tensor",0.530500217970337
283,"cp_source_tensor",0.530410974955269
284,"exang_source_tensor",0.53032221967227
285,"cp_source_tensor",0.530233476663996
286,"exang_source_tensor",0.530145185947808
287,"cp_source_tensor",0.530056939895311
288,"oldpeak_spline",0.529930592151157
289,"exang_source_tensor",0.529842942992156
290,"cp_source_tensor",0.529755273016789
291,"exang_source_tensor",0.529668082205251
292,"cp_source_tensor",0.529580902578156
293,"sex_one-hot",0.529415209837685
294,"exang_source_tensor",0.529328611958849
295,"cp_source_tensor",0.529242071873802
296,"exang_source_tensor",0.52915592618897
297,"exang_source_tensor",0.52907006250873
298,"cp_source_tensor",0.528984173584912
299,"exang_source_tensor",0.528898758048149
300,"cp_source_tensor",0.528813348592079
301,"exang_source_tensor",0.528728378612468
302,"cp_source_tensor",0.528643445690173
303,"exang_source_tensor",0.528558918695697
304,"oldpeak_spline",0.528437901962969
305,"cp_source_tensor",0.528353519821016
306,"exang_source_tensor",0.528269602308906
307,"cp_source_tensor",0.528185690354793
308,"exang_source_tensor",0.528102209894069
309,"cp_source_tensor",0.528018765247202
310,"exang_source_tensor",0.527935719312368
311,"cp_source_tensor",0.527852739108791
312,"exang_source_tensor",0.527770125188456
313,"sex_one-hot",0.52761278063097
314,"exang_source_tensor",0.527530563753795
315,"cp_source_tensor",0.527448346982369
316,"thalach_spline",0.527316400349872
317,"exang_source_tensor",0.527234855425648
318,"cp_source_tensor",0.52715330026117
319,"exang_source_tensor",0.527072178735051
320,"cp_source_tensor",0.526991076457256
321,"exang_source_tensor",0.526910375880925
322,"oldpeak_spline",0.52679499080756
323,"cp_source_tensor",0.526714409884109
324,"exang_source_tensor",0.526634285618343
325,"cp_source_tensor",0.526554151544281
326,"exang_source_tensor",0.526474442592884
327,"cp_source_tensor",0.526394752623736
328,"exang_source_tensor",0.52631545658337
329,"cp_source_tensor",0.526236207990785
330,"exang_source_tensor",0.526157322471748
331,"cp_source_tensor",0.526078512543434
332,"exang_source_tensor",0.526000035169601
333,"exang_source_tensor",0.525921813502929
334,"sex_one-hot",0.525772851877717
335,"cp_source_tensor",0.525694760255025
336,"exang_source_tensor",0.525617059421775
337,"cp_source_tensor",0.525539399357525
338,"oldpeak_spline",0.525428669872214
339,"exang_source_tensor",0.525351519753515
340,"cp_source_tensor",0.525274354954384
341,"exang_source_tensor",0.525197603157329
342,"cp_source_tensor",0.525120864160482
343,"exang_source_tensor",0.525044508378054
344,"cp_source_tensor",0.524968192563776
345,"exang_source_tensor",0.524892230502198
346,"cp_source_tensor",0.524816335266385
347,"thalach_spline",0.524695511422169
348,"exang_source_tensor",0.524620156074591
349,"cp_source_tensor",0.524544860397152
350,"exang_source_tensor",0.524469892944304
351,"exang_source_tensor",0.524395169005106
352,"cp_source_tensor",0.524320429788756
353,"exang_source_tensor",0.524246090252308
354,"oldpeak_spline",0.524140225019846
355,"cp_source_tensor",0.52406595862516
356,"sex_one-hot",0.523924899911149
357,"cp_source_tensor",0.523851023390415
358,"exang_source_tensor",0.52377745292461
359,"exang_source_tensor",0.523704121074785
360,"cp_source_tensor",0.523630789190912
361,"exang_source_tensor",0.523557833729308
362,"cp_source_tensor",0.523484904022404
363,"exang_source_tensor",0.523412322768449
364,"cp_source_tensor",0.523339792760842
365,"exang_source_tensor",0.52326758354666
366,"exang_source_tensor",0.523195608330235
367,"cp_source_tensor",0.523123611452532
368,"exang_source_tensor",0.523052004925043
369,"cp_source_tensor",0.52298040189411
370,"oldpeak_spline",0.522878699871269
371,"cp_source_tensor",0.522807412005284
372,"exang_source_tensor",0.522736438405024
373,"cp_source_tensor",0.52266554006596
374,"exang_source_tensor",0.522594929301899
375,"sex_one-hot",0.522460604698773
376,"exang_source_tensor",0.522390322021785
377,"cp_source_tensor",0.522320057289865
378,"exang_source_tensor",0.522250133544192
379,"thalach_spline",0.52213965238498
380,"cp_source_tensor",0.522069931017131
381,"exang_source_tensor",0.522000551200603
382,"cp_source_tensor",0.521931209728294
383,"exang_source_tensor",0.521862183585903
384,"cp_source_tensor",0.521793219667349
385,"exang_source_tensor",0.52172454515123
386,"oldpeak_spline",0.521627127483053
387,"cp_source_tensor",0.521558592389044
388,"exang_source_tensor",0.521490391605569
389,"cp_source_tensor",0.521422229040842
390,"exang_source_tensor",0.521354375206209
391,"cp_source_tensor",0.521286582874343
392,"exang_source_tensor",0.52121907397994
393,"exang_source_tensor",0.521151782834284
394,"cp_source_tensor",0.521084483653914
395,"exang_source_tensor",0.521017534342136
396,"cp_source_tensor",0.520950599973929
397,"sex_one-hot",0.520823232485483
398,"exang_source_tensor",0.520756714453281
399,"cp_source_tensor",0.520690248455395
400,"exang_source_tensor",0.52062406772878
401,"oldpeak_spline",0.520530330479226
402,"cp_source_tensor",0.520464274393129
403,"exang_source_tensor",0.520398546507713
404,"cp_source_tensor",0.520332847623477
405,"exang_source_tensor",0.520267452567596
406,"thalach_spline",0.520165065291829
407,"cp_source_tensor",0.520099865076661
408,"exang_source_tensor",0.520034967567049
409,"cp_source_tensor",0.519970119294018
410,"exang_source_tensor",0.519905549784951
411,"exang_source_tensor",0.519841187814849
412,"cp_source_tensor",0.519776807886391
413,"exang_source_tensor",0.519712770965656
414,"cp_source_tensor",0.519648737830277
415,"exang_source_tensor",0.519585024079771
416,"cp_source_tensor",0.519521335600992
417,"sex_one-hot",0.519400276879281
418,"oldpeak_spline",0.519310424212246
419,"exang_source_tensor",0.51924722647443
420,"cp_source_tensor",0.519184025017034
421,"exang_source_tensor",0.519121145639526
422,"cp_source_tensor",0.519058283764091
423,"exang_source_tensor",0.518995720907818
424,"cp_source_tensor",0.518933196522912
425,"exang_source_tensor",0.51887094835985
426,"cp_source_tensor",0.518808759387126
427,"exang_source_tensor",0.518746824100256
428,"exang_source_tensor",0.518685087290696
429,"cp_source_tensor",0.518623344263309
430,"thalach_spline",0.518527644726263
431,"exang_source_tensor",0.518466368270198
432,"cp_source_tensor",0.518405085650535
433,"exang_source_tensor",0.518344116576094
434,"oldpeak_spline",0.518257948116703
435,"cp_source_tensor",0.518197036201622
436,"cp_source_tensor",0.518136339672217
437,"exang_source_tensor",0.518075889630081
438,"sex_one-hot",0.517960773933328
439,"exang_source_tensor",0.517900594881465
440,"cp_source_tensor",0.51784042303681
441,"exang_source_tensor",0.517780545074897
442,"cp_source_tensor",0.517720694131422
443,"exang_source_tensor",0.517661115524123
444,"cp_source_tensor",0.517601583508024
445,"exang_source_tensor",0.517542302530513
446,"cp_source_tensor",0.517483087480436
447,"exang_source_tensor",0.517424102418344
448,"oldpeak_spline",0.517340963891739
449,"cp_source_tensor",0.517282104113802
450,"exang_source_tensor",0.517223511635342
451,"cp_source_tensor",0.517164964642527
452,"exang_source_tensor",0.517106664192916
453,"cp_source_tensor",0.517048428062861
454,"exang_source_tensor",0.516990417961366
455,"exang_source_tensor",0.516932592796026
456,"thalach_spline",0.516843401264997
457,"cp_source_tensor",0.516785695059443
458,"exang_source_tensor",0.516728291476189
459,"sex_one-hot",0.516618779190099
460,"cp_source_tensor",0.516561463642887
461,"exang_source_tensor",0.516504416684591
462,"cp_source_tensor",0.516447404451921
463,"exang_source_tensor",0.516390640699134
464,"cp_source_tensor",0.516333929918798
465,"oldpeak_spline",0.516254085142283
466,"exang_source_tensor",0.516197695435996
467,"cp_source_tensor",0.516141321226294
468,"exang_source_tensor",0.516085211021917
469,"cp_source_tensor",0.516029134302816
470,"exang_source_tensor",0.51597330199549
471,"cp_source_tensor",0.515917520941987
472,"exang_source_tensor",0.515861964936658
473,"exang_source_tensor",0.515806585375413
474,"cp_source_tensor",0.515751196451837
475,"exang_source_tensor",0.515696090720425
476,"cp_source_tensor",0.515640993163329
477,"exang_source_tensor",0.515586159691065
478,"sex_one-hot",0.515481554817254
479,"oldpeak_spline",0.515404501268317
480,"cp_source_tensor",0.515349807799532
481,"exang_source_tensor",0.515295398965558
482,"thalach_spline",0.515212235493542
483,"cp_source_tensor",0.515157934037682
484,"exang_source_tensor",0.515103912372701
485,"cp_source_tensor",0.51504989567167
486,"exang_source_tensor",0.51499614006099
487,"cp_source_tensor",0.514942406371312
488,"exang_source_tensor",0.514888915291916
489,"cp_source_tensor",0.514835462881256
490,"exang_source_tensor",0.51478223481947
491,"cp_source_tensor",0.514729061966573
492,"exang_source_tensor",0.514676095418007
493,"exang_source_tensor",0.514623296394269
494,"cp_source_tensor",0.514570493886993
495,"oldpeak_spline",0.514496389782144
496,"cp_source_tensor",0.514443803117452
497,"exang_source_tensor",0.51439143766269
498,"sex_one-hot",0.514291682767497
499,"exang_source_tensor",0.514239544313086
500,"cp_source_tensor",0.514187397179552
501,"exang_source_tensor",0.514135514159574
502,"cp_source_tensor",0.514083638565142
503,"exang_source_tensor",0.514032009521233
504,"thalach_spline",0.513953609337236
505,"cp_source_tensor",0.513902099237701
506,"exang_source_tensor",0.513850830325504
507,"cp_source_tensor",0.513799587883939
508,"exang_source_tensor",0.513748569421513
509,"cp_source_tensor",0.513697593004275
510,"oldpeak_spline",0.513626187661947
511,"exang_source_tensor",0.513575496234921
512,"cp_source_tensor",0.513524813963565
513,"exang_source_tensor",0.513474369754431
514,"cp_source_tensor",0.513423950048956
515,"exang_source_tensor",0.513373751649779
516,"cp_source_tensor",0.513323592909452
517,"exang_source_tensor",0.513273638920977
518,"sex_one-hot",0.513178485092023
519,"exang_source_tensor",0.513128745150438
520,"cp_source_tensor",0.513079000730383
521,"trestbps_spline",0.513010057374288
522,"exang_source_tensor",0.512960567501116
523,"cp_source_tensor",0.512911073606209
524,"exang_source_tensor",0.51286182421403
525,"cp_source_tensor",0.512812585677925
526,"oldpeak_spline",0.512743661299888
527,"cp_source_tensor",0.512694620342572
528,"thalach_spline",0.512620842020654
529,"exang_source_tensor",0.512572086857016
530,"cp_source_tensor",0.512523385079903
531,"exang_source_tensor",0.512474866146801
532,"exang_source_tensor",0.512426499409331
533,"trestbps_spline",0.512359310567982
534,"cp_source_tensor",0.512310935611696
535,"exang_source_tensor",0.512262810529209
536,"cp_source_tensor",0.512214684122093
537,"exang_source_tensor",0.512166791823776
538,"cp_source_tensor",0.512118912455597
539,"sex_one-hot",0.512027875742499
540,"exang_source_tensor",0.511980267534424
541,"cp_source_tensor",0.51193269838034
542,"exang_source_tensor",0.511885319998658
543,"oldpeak_spline",0.511818957668144
544,"trestbps_spline",0.511753329710814
545,"cp_source_tensor",0.511706023449374
546,"exang_source_tensor",0.511658950086611
547,"cp_source_tensor",0.511611885947079
548,"exang_source_tensor",0.511565039453334
549,"cp_source_tensor",0.511518215966964
550,"exang_source_tensor",0.511471595059177
551,"thalach_spline",0.511401843421115
552,"cp_source_tensor",0.511355338467207
553,"exang_source_tensor",0.511309029504834
554,"cp_source_tensor",0.511262761821444
555,"trestbps_spline",0.511198727610696
556,"exang_source_tensor",0.511152647655318
557,"cp_source_tensor",0.511106609139825
558,"exang_source_tensor",0.511060750435714
559,"cp_source_tensor",0.511014946391462
560,"exang_source_tensor",0.510969307690322
561,"sex_one-hot",0.510882205281562
562,"oldpeak_spline",0.510818343994953
563,"cp_source_tensor",0.510772857301893
564,"exang_source_tensor",0.510727551158075
565,"cp_source_tensor",0.510682295630602
566,"trestbps_spline",0.510619734822812
567,"exang_source_tensor",0.510574651626834
568,"cp_source_tensor",0.510529619104188
569,"exang_source_tensor",0.510484751578846
570,"exang_source_tensor",0.510440023746249
571,"cp_source_tensor",0.510395294436337
572,"exang_source_tensor",0.51035078037493
573,"thalach_spline",0.510284653398745
574,"cp_source_tensor",0.510240223384391
575,"exang_source_tensor",0.510196001368554
576,"cp_source_tensor",0.510151796101431
577,"trestbps_spline",0.510090748657123
578,"exang_source_tensor",0.510046742992597
579,"cp_source_tensor",0.510002754290907
580,"oldpeak_spline",0.509941267779278
581,"cp_source_tensor",0.509897450525767
582,"sex_one-hot",0.509813968808563
583,"exang_source_tensor",0.509770352220393
584,"exang_source_tensor",0.509726871016434
585,"cp_source_tensor",0.509683403555834
586,"exang_source_tensor",0.509640129134503
587,"cp_source_tensor",0.509596880673706
588,"trestbps_spline",0.509537223966606
589,"exang_source_tensor",0.509494160224669
590,"cp_source_tensor",0.509451122539906
591,"exang_source_tensor",0.509408263255508
592,"cp_source_tensor",0.5093654420063
593,"exang_source_tensor",0.509322786034359
594,"cp_source_tensor",0.509280179918362
595,"thalach_spline",0.509217394128314
596,"exang_source_tensor",0.509175012680784
597,"oldpeak_spline",0.509115719833888
598,"cp_source_tensor",0.509073414364664
599,"trestbps_spline",0.509015221885731
600,"exang_source_tensor",0.508973103766178
601,"cp_source_tensor",0.508931003343441
602,"exang_source_tensor",0.508889084426921
603,"sex_one-hot",0.508809058350212
604,"cp_source_tensor",0.508767221951827
605,"exang_source_tensor",0.508725542621949
606,"cp_source_tensor",0.508683915497704
607,"exang_source_tensor",0.508642432897807
608,"exang_source_tensor",0.508601078439994
609,"cp_source_tensor",0.508559726828184
610,"trestbps_spline",0.508502808854421
611,"exang_source_tensor",0.508461653584868
612,"cp_source_tensor",0.508420501270857
613,"exang_source_tensor",0.508379539915114
614,"oldpeak_spline",0.508322239658414
615,"cp_source_tensor",0.508281311420971
616,"cp_source_tensor",0.508240520807975
617,"exang_source_tensor",0.508199873514594
618,"thalach_spline",0.508140318216169
619,"cp_source_tensor",0.50809979147262
620,"exang_source_tensor",0.508059400394047
621,"trestbps_spline",0.508003864020027
622,"cp_source_tensor",0.507963531637504
623,"exang_source_tensor",0.507923333967225
624,"sex_one-hot",0.507846588418906
625,"exang_source_tensor",0.507806553057206
626,"cp_source_tensor",0.507766535536442
627,"exang_source_tensor",0.507726687869331
628,"cp_source_tensor",0.507686868747807
629,"age_spline",0.50762754047566
630,"exang_source_tensor",0.507587921586608
631,"oldpeak_spline",0.507532610002364
632,"cp_source_tensor",0.507493046159319
633,"trestbps_spline",0.507438694069691
634,"exang_source_tensor",0.507399316217205
635,"cp_source_tensor",0.507359940942226
636,"exang_source_tensor",0.50732074716611
637,"cp_source_tensor",0.507281566392853
638,"thalach_spline",0.5072245964438
639,"exang_source_tensor",0.507185645586405
640,"cp_source_tensor",0.507146714495689
641,"exang_source_tensor",0.507107945330699
642,"cp_source_tensor",0.507069206098927
643,"trestbps_spline",0.507016118171949
644,"sex_one-hot",0.506942394804441
645,"age_spline",0.506884930797952
646,"exang_source_tensor",0.506846421299244
647,"cp_source_tensor",0.506807951056178
648,"exang_source_tensor",0.506769620781603
649,"cp_source_tensor",0.506731339682764
650,"exang_source_tensor",0.506693187642855
651,"oldpeak_spline",0.50663988129271
652,"cp_source_tensor",0.506601804379232
653,"exang_source_tensor",0.506563878792033
654,"trestbps_spline",0.506511917526713
655,"cp_source_tensor",0.506474020321982
656,"exang_source_tensor",0.506436273589655
657,"thalach_spline",0.506381667186975
658,"cp_source_tensor",0.506344008261203
659,"exang_source_tensor",0.50630649146065
660,"age_spline",0.506250904100439
661,"cp_source_tensor",0.506213465550394
662,"exang_source_tensor",0.506176160134951
663,"cp_source_tensor",0.506138904545458
664,"exang_source_tensor",0.506101771725961
665,"trestbps_spline",0.5060509526137
666,"sex_one-hot",0.505980134537491
667,"exang_source_tensor",0.505943150897179
668,"cp_source_tensor",0.505906172808903
669,"exang_source_tensor",0.505869360070162
670,"oldpeak_spline",0.505817948855595
671,"cp_source_tensor",0.5057811659586
672,"cp_source_tensor",0.505744504815823
673,"exang_source_tensor",0.50570796578671
674,"exang_source_tensor",0.505671538230887
675,"cp_source_tensor",0.505635112433241
676,"age_spline",0.505581425879419
677,"thalach_spline",0.50552897366301
678,"trestbps_spline",0.505479248033771
679,"cp_source_tensor",0.505443018003401
680,"exang_source_tensor",0.505406903009926
681,"exang_source_tensor",0.505370898069731
682,"cp_source_tensor",0.505334899881902
683,"exang_source_tensor",0.505299060482904
684,"cp_source_tensor",0.50526323670374
685,"exang_source_tensor",0.505227561940486
686,"cp_source_tensor",0.505191911541265
687,"sex_one-hot",0.505123950773696
688,"trestbps_spline",0.50507526958433
689,"oldpeak_spline",0.50502563645615
690,"exang_source_tensor",0.504990202329711
691,"age_spline",0.504938102879013
692,"cp_source_tensor",0.504902705136943
693,"exang_source_tensor",0.504867467265768
694,"cp_source_tensor",0.504832240391058
695,"thalach_spline",0.5047818240711
696,"exang_source_tensor",0.504746794057866
697,"cp_source_tensor",0.504711782549311
698,"exang_source_tensor",0.50467691274025
699,"trestbps_spline",0.504629326614838
700,"cp_source_tensor",0.504594476697497
701,"exang_source_tensor",0.504559767944608
702,"cp_source_tensor",0.504525085692702
703,"exang_source_tensor",0.504490535404551
704,"cp_source_tensor",0.504456019833134
705,"age_spline",0.504405514149458
706,"exang_source_tensor",0.504371153433745
707,"oldpeak_spline",0.504323256719833
708,"cp_source_tensor",0.504288949252857
709,"sex_one-hot",0.504223569777175
710,"trestbps_spline",0.504176959791153
711,"exang_source_tensor",0.504142827529606
712,"cp_source_tensor",0.504108717023007
713,"exang_source_tensor",0.504074740098111
714,"thalach_spline",0.504026282282973
715,"cp_source_tensor",0.503992377528192
716,"exang_source_tensor",0.503958597639574
717,"cp_source_tensor",0.503924855005802
718,"exang_source_tensor",0.503891228524578
719,"age_spline",0.50384222548042
720,"cp_source_tensor",0.503808672112318
721,"trestbps_spline",0.503763055912542
722,"exang_source_tensor",0.503729613637622
723,"cp_source_tensor",0.503696213364661
724,"exang_source_tensor",0.503662922662179
725,"cp_source_tensor",0.503629681533352
726,"exang_source_tensor",0.503596541583757
727,"oldpeak_spline",0.503550306065472
728,"cp_source_tensor",0.503517234931767
729,"exang_source_tensor",0.50348428424732
730,"sex_one-hot",0.503421399317418
731,"thalach_spline",0.503374713481212
732,"cp_source_tensor",0.503341876490626
733,"trestbps_spline",0.503297260092294
734,"exang_source_tensor",0.503264525310157
735,"age_spline",0.503216944862056
736,"cp_source_tensor",0.503184283234637
737,"exang_source_tensor",0.503151725020193
738,"cp_source_tensor",0.50311921822757
739,"exang_source_tensor",0.503086806799715
740,"exang_source_tensor",0.503054493089794
741,"cp_source_tensor",0.50302218851147
742,"exang_source_tensor",0.50299002034184
743,"trestbps_spline",0.502946324678145
744,"cp_source_tensor",0.502914165930077
745,"exang_source_tensor",0.502882143342525
746,"oldpeak_spline",0.502837482766539
747,"cp_source_tensor",0.50280548673863
748,"thalach_spline",0.502760424859891
749,"age_spline",0.50271425032569
750,"cp_source_tensor",0.502682419900238
751,"exang_source_tensor",0.502650689460069
752,"sex_one-hot",0.502590227002887
753,"exang_source_tensor",0.50255861664999
754,"cp_source_tensor",0.502527018251017
755,"trestbps_spline",0.502484226102776
756,"exang_source_tensor",0.502452758243362
757,"cp_source_tensor",0.502421301603368
758,"exang_source_tensor",0.50238997473597
759,"cp_source_tensor",0.502358665899751
760,"exang_source_tensor",0.502327479269251
761,"cp_source_tensor",0.502296317380708
762,"exang_source_tensor",0.502265270236595
763,"age_spline",0.502220493697839
764,"thalach_spline",0.502176845460843
765,"cp_source_tensor",0.502145887804655
766,"trestbps_spline",0.502103985181032
767,"exang_source_tensor",0.502073136839448
768,"oldpeak_spline",0.502030100856491
769,"cp_source_tensor",0.501999291161744
770,"exang_source_tensor",0.501968615368827
771,"cp_source_tensor",0.501937949688879
772,"exang_source_tensor",0.501907410652462
773,"cp_source_tensor",0.501876888155813
774,"sex_one-hot",0.501818715505171
775,"exang_source_tensor",0.501788335334669
776,"cp_source_tensor",0.501757988377378
777,"trestbps_spline",0.501716961100525
778,"age_spline",0.501673404926855
779,"exang_source_tensor",0.501643184934995
780,"cp_source_tensor",0.501612994133845
781,"exang_source_tensor",0.501582908450361
782,"thalach_spline",0.501540789851474
783,"cp_source_tensor",0.501510772267772
784,"exang_source_tensor",0.501480851218015
785,"oldpeak_spline",0.501439180392404
786,"cp_source_tensor",0.501409311353022
787,"exang_source_tensor",0.501379556134735
788,"trestbps_spline",0.501339411160595
789,"cp_source_tensor",0.501309673989224
790,"exang_source_tensor",0.501280050837657
791,"cp_source_tensor",0.501250451516329
792,"age_spline",0.50120812889201
793,"exang_source_tensor",0.501178660107421
794,"cp_source_tensor",0.501149217936335
795,"exang_source_tensor",0.501119879470152
796,"sex_one-hot",0.501063856546472
797,"cp_source_tensor",0.501034581967958
798,"thalach_spline",0.500993855919011
799,"exang_source_tensor",0.500964696985283
800,"trestbps_spline",0.500925330552494
801,"cp_source_tensor",0.50089621502724
802,"exang_source_tensor",0.500867184857818
803,"cp_source_tensor",0.500838203638668
804,"exang_source_tensor",0.500809301444299
805,"oldpeak_spline",0.500769012115823
806,"age_spline",0.500727854111352
807,"cp_source_tensor",0.500699033700392
808,"exang_source_tensor",0.500670312119915
809,"cp_source_tensor",0.500641624269555
810,"trestbps_spline",0.500603068050315
811,"exang_source_tensor",0.500574472778373
812,"cp_source_tensor",0.500545910120633
813,"exang_source_tensor",0.500517440542956
814,"cp_source_tensor",0.500489008985985
815,"thalach_spline",0.500449599113604
816,"exang_source_tensor",0.500421281208329
817,"cp_source_tensor",0.500393008783749
818,"sex_one-hot",0.500339092831433
819,"age_spline",0.500299020091672
820,"exang_source_tensor",0.500270867034639
821,"trestbps_spline",0.500233056899204
822,"cp_source_tensor",0.500204954620815
823,"exang_source_tensor",0.500176924740595
824,"exang_source_tensor",0.50014897814827
825,"oldpeak_spline",0.500110031927703
826,"cp_source_tensor",0.500082105138093
827,"cp_source_tensor",0.50005426666648
828,"exang_source_tensor",0.500026511116396
829,"cp_source_tensor",0.499998799618435
830,"exang_source_tensor",0.499971165334063
831,"thalach_spline",0.499933004357756
832,"cp_source_tensor",0.4999054460905
833,"age_spline",0.499866462228045
834,"trestbps_spline",0.499829434407437
835,"exang_source_tensor",0.499801964730848
836,"cp_source_tensor",0.499774541817411
837,"exang_source_tensor",0.499747191888291
838,"cp_source_tensor",0.499719893569122
839,"exang_source_tensor",0.499692662761268
840,"sex_one-hot",0.499640697315491
841,"exang_source_tensor",0.499613565407962
842,"cp_source_tensor",0.499586456810112
843,"oldpeak_spline",0.49954871571756
844,"trestbps_spline",0.499512443722613
845,"cp_source_tensor",0.499485420829372
846,"exang_source_tensor",0.499458472243648
847,"age_spline",0.499420528735343
848,"thalach_spline",0.499383501642699
849,"cp_source_tensor",0.499356641866682
850,"exang_source_tensor",0.499329851665981
851,"cp_source_tensor",0.499303113294875
852,"exang_source_tensor",0.499276439280836
853,"exang_source_tensor",0.499249844137717
854,"cp_source_tensor",0.499223263198305
855,"trestbps_spline",0.4991877083936
856,"exang_source_tensor",0.499161227949229
857,"cp_source_tensor",0.499134760407682
858,"exang_source_tensor",0.499108394598792
859,"cp_source_tensor",0.49908204622269
860,"age_spline",0.499045076074818
861,"thalach_spline",0.499009067349912
862,"exang_source_tensor",0.498982854515516
863,"sex_one-hot",0.498932788538656
864,"cp_source_tensor",0.498906623445149
865,"oldpeak_spline",0.498870173829044
866,"exang_source_tensor",0.498844117465407
867,"trestbps_spline",0.498809263837106
868,"cp_source_tensor",0.49878321605795
869,"exang_source_tensor",0.498757271534412
870,"cp_source_tensor",0.498731340556344
871,"exang_source_tensor",0.498705507873186
872,"cp_source_tensor",0.498679693039335
873,"age_spline",0.498643656126008
874,"exang_source_tensor",0.498617951632287
875,"cp_source_tensor",0.498592265621418
876,"exang_source_tensor",0.49856667171657
877,"trestbps_spline",0.498532482463919
878,"cp_source_tensor",0.498506904901889
879,"thalach_spline",0.49847201277707
880,"exang_source_tensor",0.498446547460627
881,"cp_source_tensor",0.498421106451709
882,"exang_source_tensor",0.498395750478846
883,"cp_source_tensor",0.498370422847023
884,"oldpeak_spline",0.49833514382572
885,"sex_one-hot",0.498286846271715
886,"exang_source_tensor",0.498261639785454
887,"cp_source_tensor",0.498236455595683
888,"age_spline",0.498201344850913
889,"trestbps_spline",0.498167817381827
890,"exang_source_tensor",0.498142734181628
891,"cp_source_tensor",0.498117668065449
892,"exang_source_tensor",0.498092692240657
893,"cp_source_tensor",0.498067737404585
894,"thalach_spline",0.498033847415287
895,"exang_source_tensor",0.498008996198796
896,"cp_source_tensor",0.497984173014935
897,"exang_source_tensor",0.4979594279666
898,"cp_source_tensor",0.497934714705794
899,"age_spline",0.497900438461437
900,"trestbps_spline",0.497867557980543
901,"exang_source_tensor",0.497842932850889
902,"cp_source_tensor",0.497818334239979
903,"exang_source_tensor",0.497793814114254
904,"oldpeak_spline",0.497759662666542
905,"cp_source_tensor",0.497735177912729
906,"exang_source_tensor",0.49771078597401
907,"sex_one-hot",0.497664186106667
908,"cp_source_tensor",0.497639833107751
909,"thalach_spline",0.497606896502014
910,"exang_source_tensor",0.497582639202555
911,"cp_source_tensor",0.497558413167945
912,"trestbps_spline",0.497526191548923
913,"exang_source_tensor",0.497502036471361
914,"age_spline",0.49746857533996
915,"cp_source_tensor",0.497444460524423
916,"exang_source_tensor",0.497420422412728
917,"cp_source_tensor",0.497396413563143
918,"exang_source_tensor",0.497372477439276
919,"cp_source_tensor",0.497348573967518
920,"exang_source_tensor",0.497324739311191
921,"cp_source_tensor",0.497300940632828
922,"oldpeak_spline",0.497267801355694
923,"trestbps_spline",0.497236207267032
924,"exang_source_tensor",0.49721249511566
925,"thalach_spline",0.497180473794009
926,"cp_source_tensor",0.49715679658527
927,"age_spline",0.497124142203785
928,"exang_source_tensor",0.497100559030349
929,"cp_source_tensor",0.497076995158493
930,"sex_one-hot",0.49703204850476
931,"exang_source_tensor",0.497008578408103
932,"cp_source_tensor",0.496985139842566
933,"exang_source_tensor",0.496961768828715
934,"trestbps_spline",0.49693075012971
935,"cp_source_tensor",0.49690740778679
936,"exang_source_tensor",0.496884134298264
937,"cp_source_tensor",0.496860893655706
938,"thalach_spline",0.496829686285378
939,"age_spline",0.496797779972885
940,"exang_source_tensor",0.496774631478148
941,"cp_source_tensor",0.496751518580407
942,"exang_source_tensor",0.496728467520271
943,"cp_source_tensor",0.496705455033277
944,"oldpeak_spline",0.496673396707538
945,"exang_source_tensor",0.496650463832418
946,"trestbps_spline",0.496620055490342
947,"cp_source_tensor",0.496597141116583
948,"exang_source_tensor",0.496574303460198
949,"cp_source_tensor",0.496551488396866
950,"exang_source_tensor",0.496528746618328
951,"sex_one-hot",0.496485346288911
952,"age_spline",0.496454228406524
953,"thalach_spline",0.496423799709146
954,"cp_source_tensor",0.496401129590353
955,"exang_source_tensor",0.496378520637555
956,"cp_source_tensor",0.496355948495428
957,"trestbps_spline",0.496326082603129
958,"exang_source_tensor",0.49630356719585
959,"cp_source_tensor",0.496281086639418
960,"exang_source_tensor",0.496258665460051
961,"cp_source_tensor",0.496236281849794
962,"exang_source_tensor",0.496213954423813
963,"oldpeak_spline",0.496182868469353
964,"cp_source_tensor",0.496160585032695
965,"age_spline",0.496130184052489
966,"exang_source_tensor",0.496107981559101
967,"cp_source_tensor",0.496085801566991
968,"thalach_spline",0.49605616831953
969,"trestbps_spline",0.496026883142932
970,"exang_source_tensor",0.496004783895903
971,"cp_source_tensor",0.495982708938794
972,"exang_source_tensor",0.495960701822345
973,"cp_source_tensor",0.495938721561728
974,"sex_one-hot",0.495896826644506
975,"exang_source_tensor",0.495874922700721
976,"cp_source_tensor",0.495853056732294
977,"age_spline",0.495823322112229
978,"exang_source_tensor",0.495801520304213
979,"trestbps_spline",0.495772744900508
980,"cp_source_tensor",0.49575097378635
981,"exang_source_tensor",0.495729261321902
982,"thalach_spline",0.495700349973179
983,"cp_source_tensor",0.495678686566154
984,"exang_source_tensor",0.495657075070497
985,"oldpeak_spline",0.495626978450571
986,"cp_source_tensor",0.49560541084001
987,"exang_source_tensor",0.495583907934978
988,"cp_source_tensor",0.495562432256692
989,"age_spline",0.49553335606641
990,"exang_source_tensor",0.495511952656712
991,"trestbps_spline",0.495483730519628
992,"cp_source_tensor",0.49546234699698
993,"exang_source_tensor",0.49544103086898
994,"cp_source_tensor",0.495419738266911
995,"exang_source_tensor",0.495398510338256
996,"thalach_spline",0.495370315910495
997,"cp_source_tensor",0.495349127605189
998,"sex_one-hot",0.495308679370013
999,"exang_source_tensor",0.495287559750314
1000,"cp_source_tensor",0.495266480330036
1001,"age_spline",0.495238023943111
1002,"exang_source_tensor",0.495217001371319
1003,"trestbps_spline",0.495189269898391
1004,"cp_source_tensor",0.495168280019599
1005,"oldpeak_spline",0.495139082158774
1006,"exang_source_tensor",0.495118162961459
1007,"cp_source_tensor",0.495097264825772
1008,"exang_source_tensor",0.495076431842192
1009,"cp_source_tensor",0.495055621998744
1010,"thalach_spline",0.495028112222427
1011,"exang_source_tensor",0.495007374134457
1012,"cp_source_tensor",0.494986665064989
1013,"age_spline",0.494958821174541
1014,"trestbps_spline",0.494931617974767
1015,"exang_source_tensor",0.49491097304324
1016,"cp_source_tensor",0.494890350996645
1017,"exang_source_tensor",0.494869790905383
1018,"cp_source_tensor",0.49484925564853
1019,"exang_source_tensor",0.494828779977722
1020,"sex_one-hot",0.494789688921777
1021,"cp_source_tensor",0.494769258087099
1022,"exang_source_tensor",0.494748876214366
1023,"thalach_spline",0.494721990964222
1024,"cp_source_tensor",0.494701658120349
1025,"oldpeak_spline",0.494673324946821
1026,"age_spline",0.494646076424428
1027,"trestbps_spline",0.494619364313435
1028,"exang_source_tensor",0.49459909861192
1029,"cp_source_tensor",0.494578852901555
1030,"exang_source_tensor",0.49455867015569
1031,"cp_source_tensor",0.494538509211472
1032,"exang_source_tensor",0.494518409012342
1033,"cp_source_tensor",0.494498332378786
1034,"exang_source_tensor",0.494478314319835
1035,"cp_source_tensor",0.494458321544248
1036,"trestbps_spline",0.494432102105803
1037,"exang_source_tensor",0.494412164283423
1038,"age_spline",0.494385478610442
1039,"thalach_spline",0.494359209851804
1040,"cp_source_tensor",0.494339310873757
1041,"exang_source_tensor",0.494319470164187
1042,"cp_source_tensor",0.49429965408106
1043,"sex_one-hot",0.494261874497123
1044,"exang_source_tensor",0.494242123711054
1045,"cp_source_tensor",0.494222407217977
1046,"oldpeak_spline",0.49419491974095
1047,"exang_source_tensor",0.494175265432166
1048,"cp_source_tensor",0.494155633119814
1049,"trestbps_spline",0.49412988137614
1050,"age_spline",0.494103742253387
1051,"cp_source_tensor",0.494084166383826
1052,"thalach_spline",0.494058493989585
1053,"exang_source_tensor",0.494038956367219
1054,"cp_source_tensor",0.494019472506483
1055,"exang_source_tensor",0.494000014203368
1056,"exang_source_tensor",0.49398061167558
1057,"cp_source_tensor",0.493961231675632
1058,"exang_source_tensor",0.493941907843208
1059,"cp_source_tensor",0.493922607968415
1060,"trestbps_spline",0.493897311129109
1061,"age_spline",0.493871685595397
1062,"cp_source_tensor",0.493852440586357
1063,"exang_source_tensor",0.493833223748485
1064,"thalach_spline",0.493808105232172
1065,"exang_source_tensor",0.493788949753966
1066,"cp_source_tensor",0.493769817190034
1067,"sex_one-hot",0.493733299643871
1068,"oldpeak_spline",0.493706646464459
1069,"cp_source_tensor",0.493687588307582
1070,"exang_source_tensor",0.49366855635144
1071,"cp_source_tensor",0.493649576634049
1072,"trestbps_spline",0.493624727579418
1073,"exang_source_tensor",0.493605770948058
1074,"age_spline",0.493580663187094
1075,"cp_source_tensor",0.493561759182528
1076,"exang_source_tensor",0.493542885991173
1077,"cp_source_tensor",0.493524059600588
1078,"thalach_spline",0.493499498140573
1079,"exang_source_tensor",0.493480706711412
1080,"cp_source_tensor",0.493461967127925
1081,"exang_source_tensor",0.49344325136178
1082,"trestbps_spline",0.493418840977261
1083,"cp_source_tensor",0.493400173016079
1084,"exang_source_tensor",0.49338153095409
1085,"age_spline",0.493356901900126
1086,"cp_source_tensor",0.493338312750065
1087,"exang_source_tensor",0.493319752139944
1088,"oldpeak_spline",0.493293891256238
1089,"cp_source_tensor",0.493275379739262
1090,"sex_one-hot",0.49324005093386
1091,"exang_source_tensor",0.493221586940795
1092,"thalach_spline",0.493197555232696
1093,"cp_source_tensor",0.49317914362417
1094,"exang_source_tensor",0.493160758754582
1095,"trestbps_spline",0.493136773907941
1096,"cp_source_tensor",0.493118432252238
1097,"age_spline",0.493094280566724
1098,"exang_source_tensor",0.493075974015203
1099,"cp_source_tensor",0.493057709067042
1100,"exang_source_tensor",0.493039475822931
1101,"cp_source_tensor",0.493021285105919
1102,"exang_source_tensor",0.493003124815679
1103,"cp_source_tensor",0.492985007938924
1104,"thalach_spline",0.492961475198729
1105,"exang_source_tensor",0.492943392121157
1106,"trestbps_spline",0.49291982048342
1107,"cp_source_tensor",0.492901780591932
1108,"age_spline",0.492878076031478
1109,"restecg_one-hot",0.492843737586453
1110,"exang_source_tensor",0.49282571743517
1111,"oldpeak_spline",0.492800651107236
1112,"cp_source_tensor",0.492782687489701
1113,"exang_source_tensor",0.492764752745068
1114,"sex_one-hot",0.492730515807008
1115,"cp_source_tensor",0.4927126396388
1116,"exang_source_tensor",0.492694783576543
1117,"cp_source_tensor",0.492676979606246
1118,"thalach_spline",0.492653896883306
1119,"trestbps_spline",0.492630718519471
1120,"exang_source_tensor",0.492612936176277
1121,"age_spline",0.492589695196841
1122,"cp_source_tensor",0.492571967495669
1123,"exang_source_tensor",0.492554261286609
1124,"cp_source_tensor",0.49253660499771
1125,"exang_source_tensor",0.49251896917215
1126,"cp_source_tensor",0.492501383921733
1127,"exang_source_tensor",0.492483818142698
1128,"cp_source_tensor",0.492466303559224
1129,"trestbps_spline",0.4924435135373
1130,"exang_source_tensor",0.492426015789933
1131,"thalach_spline",0.492403402963751
1132,"age_spline",0.492380578074172
1133,"oldpeak_spline",0.492356245729139
1134,"cp_source_tensor",0.492338806407303
1135,"restecg_one-hot",0.492305606684376
1136,"exang_source_tensor",0.492288186337421
1137,"cp_source_tensor",0.492270816429258
1138,"sex_one-hot",0.492237637024849
1139,"exang_source_tensor",0.492220292402794
1140,"exang_source_tensor",0.492202996946422
1141,"cp_source_tensor",0.492185730247455
1142,"trestbps_spline",0.492163319283732
1143,"exang_source_tensor",0.492146090587324
1144,"cp_source_tensor",0.492128888148661
1145,"age_spline",0.492106515188928
1146,"thalach_spline",0.492084303162255
1147,"exang_source_tensor",0.492067150625884
1148,"cp_source_tensor",0.492050024571866
1149,"exang_source_tensor",0.492032939772043
1150,"cp_source_tensor",0.492015881973858
1151,"exang_source_tensor",0.491998864588387
1152,"cp_source_tensor",0.491981874691343
1153,"oldpeak_spline",0.491958224621512
1154,"trestbps_spline",0.491936210232526
1155,"cp_source_tensor",0.491919265346094
1156,"age_spline",0.491897287396772
1157,"exang_source_tensor",0.491880370700171
1158,"thalach_spline",0.491858606404461
1159,"cp_source_tensor",0.491841735875303
1160,"restecg_one-hot",0.491809597789899
1161,"exang_source_tensor",0.491792737218958
1162,"sex_one-hot",0.491760568195893
1163,"exang_source_tensor",0.491743761556654
1164,"cp_source_tensor",0.491726989291132
1165,"exang_source_tensor",0.491710248721851
1166,"cp_source_tensor",0.49169354288798
1167,"trestbps_spline",0.491671865971744
1168,"age_spline",0.491650275972673
1169,"exang_source_tensor",0.491633603513117
1170,"cp_source_tensor",0.491616958909255
1171,"thalach_spline",0.491595575119842
1172,"exang_source_tensor",0.491578970809077
1173,"cp_source_tensor",0.491562398582566
1174,"exang_source_tensor",0.491545859376644
1175,"cp_source_tensor",0.491529352541269
1176,"oldpeak_spline",0.491506405112698
1177,"cp_source_tensor",0.491489946080348
1178,"age_spline",0.491468743159109
1179,"trestbps_spline",0.491447429310766
1180,"exang_source_tensor",0.491430986367073
1181,"cp_source_tensor",0.491414587079903
1182,"exang_source_tensor",0.491398208456271
1183,"cp_source_tensor",0.491381873672962
1184,"thalach_spline",0.491360916515023
1185,"restecg_one-hot",0.491329795228867
1186,"exang_source_tensor",0.491313469533929
1187,"sex_one-hot",0.491282286238358
1188,"exang_source_tensor",0.491266012391373
1189,"cp_source_tensor",0.491249777434842
1190,"age_spline",0.49122893596494
1191,"trestbps_spline",0.491207949581586
1192,"exang_source_tensor",0.491191741006563
1193,"cp_source_tensor",0.491175564393584
1194,"exang_source_tensor",0.491159419037083
1195,"cp_source_tensor",0.491143305786054
1196,"thalach_spline",0.491122699834914
1197,"exang_source_tensor",0.491106619509529
1198,"cp_source_tensor",0.491090575241197
1199,"exang_source_tensor",0.491074557524053
1200,"age_spline",0.491054054258864
1201,"cp_source_tensor",0.491038071582538
1202,"oldpeak_spline",0.491015819967887
1203,"trestbps_spline",0.490995196771842
1204,"cp_source_tensor",0.490979255507157
1205,"sex_source_tensor",0.490963114103408
1206,"exang_source_tensor",0.490947196872373
1207,"exang_source_tensor",0.490931324412653
1208,"sex_source_tensor",0.490915256619197
1209,"cp_source_tensor",0.490899441644235
1210,"thalach_spline",0.490879233760718
1211,"exang_source_tensor",0.490863433497781
1212,"restecg_one-hot",0.490833339466671
1213,"age_spline",0.490813185040232
1214,"exang_source_tensor",0.490797418630544
1215,"cp_source_tensor",0.490781684053628
1216,"trestbps_spline",0.490761371665164
1217,"sex_one-hot",0.490731331154846
1218,"exang_source_tensor",0.490715629534748
1219,"cp_source_tensor",0.490699964218505
1220,"exang_source_tensor",0.490684323399429
1221,"cp_source_tensor",0.490668718769711
1222,"exang_source_tensor",0.490653138468205
1223,"thalach_spline",0.490633263178351
1224,"age_spline",0.49061343282149
1225,"cp_source_tensor",0.490597892194194
1226,"oldpeak_spline",0.490576270462587
1227,"sex_source_tensor",0.490560543461628
1228,"trestbps_spline",0.490540562700125
1229,"exang_source_tensor",0.490525063712389
1230,"cp_source_tensor",0.490509602018113
1231,"sex_source_tensor",0.490493952095083
1232,"exang_source_tensor",0.490478521176494
1233,"cp_source_tensor",0.490463141593642
1234,"exang_source_tensor",0.490447770172266
1235,"sex_source_tensor",0.490432212792663
1236,"age_spline",0.4904127260672
1237,"thalach_spline",0.49039320389609
1238,"exang_source_tensor",0.490377887577189
1239,"cp_one-hot",0.49034864005976
1240,"sex_source_tensor",0.490333136710206
1241,"trestbps_spline",0.490313477017352
1242,"restecg_one-hot",0.49028437435063
1243,"exang_source_tensor",0.490269110003485
1244,"sex_source_tensor",0.490253690303035
1245,"exang_source_tensor",0.490238476700393
1246,"exang_source_tensor",0.490223305745344
1247,"sex_source_tensor",0.490207954637715
1248,"age_spline",0.490188772355273
1249,"cp_source_tensor",0.490173659749138
1250,"oldpeak_spline",0.490152619319227
1251,"exang_source_tensor",0.490137526517901
1252,"thalach_spline",0.490118353227643
1253,"sex_source_tensor",0.490103082072577
1254,"trestbps_spline",0.490083731355751
1255,"cp_source_tensor",0.490068699100999
1256,"exang_source_tensor",0.490053671548829
1257,"sex_source_tensor",0.490038473929843
1258,"exang_source_tensor",0.490023496079495
1259,"cp_source_tensor",0.490008558138291
1260,"age_spline",0.489989676669865
1261,"sex_source_tensor",0.489974562614413
1262,"exang_source_tensor",0.489959651749411
1263,"cp_source_tensor",0.489944789295811
1264,"exang_source_tensor",0.489929935478375
1265,"thalach_spline",0.489911101493791
1266,"sex_source_tensor",0.4898960760683
1267,"trestbps_spline",0.489877015094634
1268,"exang_source_tensor",0.489862209700077
1269,"sex_source_tensor",0.489847234904679
1270,"cp_source_tensor",0.489832486440026
1271,"age_spline",0.489813892091868
1272,"oldpeak_spline",0.489793396230502
1273,"exang_source_tensor",0.489778665960054
1274,"sex_source_tensor",0.489763765630324
1275,"cp_one-hot",0.489735681770171
1276,"restecg_one-hot",0.489707691105258
1277,"exang_source_tensor",0.489693010994565
1278,"sex_source_tensor",0.489678184522439
1279,"exang_source_tensor",0.489663552584032
1280,"thalach_spline",0.489645046599386
1281,"trestbps_spline",0.489626295090217
1282,"sex_source_tensor",0.489611519331844
1283,"exang_source_tensor",0.489596934809395
1284,"age_spline",0.489578624753316
1285,"cp_source_tensor",0.489564088715978
1286,"exang_source_tensor",0.489549561540932
1287,"sex_source_tensor",0.489534871917174
1288,"cp_source_tensor",0.489520410958503
1289,"exang_source_tensor",0.489505945899849
1290,"sex_source_tensor",0.48949133287918
1291,"exang_source_tensor",0.489476915053703
1292,"trestbps_spline",0.489458441303933
1293,"thalach_spline",0.489440254774287
1294,"age_spline",0.489422211890263
1295,"cp_source_tensor",0.489407836616304
1296,"sex_source_tensor",0.489393294651769
1297,"oldpeak_spline",0.489373346725625
1298,"exang_source_tensor",0.489359000198354
1299,"sex_one-hot",0.489331627732505
1300,"cp_source_tensor",0.489317337301549
1301,"exang_source_tensor",0.489303049826488
1302,"cp_source_tensor",0.489288812856802
1303,"exang_source_tensor",0.489274579512366
1304,"cp_source_tensor",0.489260395738236
1305,"trestbps_spline",0.489242209863755
1306,"age_spline",0.489224447899151
1307,"thalach_spline",0.489206551852323
1308,"restecg_one-hot",0.489179504160319
1309,"exang_source_tensor",0.489165312111614
1310,"cp_source_tensor",0.489151174184164
1311,"exang_source_tensor",0.489137035815569
1312,"sex_source_tensor",0.489122757381565
1313,"exang_source_tensor",0.48910866486834
1314,"cp_source_tensor",0.48909461302931
1315,"age_spline",0.489077110571366
1316,"sex_source_tensor",0.489062906361905
1317,"exang_source_tensor",0.489048874705277
1318,"trestbps_spline",0.489030940533494
1319,"cp_source_tensor",0.48901695264884
1320,"thalach_spline",0.488999344887564
1321,"exang_source_tensor",0.488985365111956
1322,"sex_source_tensor",0.488971233780157
1323,"oldpeak_spline",0.488951827534649
1324,"cp_source_tensor",0.488937914073595
1325,"exang_source_tensor",0.488924001575941
1326,"sex_source_tensor",0.48890993609629
1327,"cp_one-hot",0.488883388029656
1328,"age_spline",0.488866131166188
1329,"sex_source_tensor",0.488852101362875
1330,"exang_source_tensor",0.488838254907734
1331,"sex_source_tensor",0.488824277828006
1332,"trestbps_spline",0.488806630572954
1333,"exang_source_tensor",0.488792827374252
1334,"thalach_spline",0.488775523346217
1335,"sex_source_tensor",0.488761592373864
1336,"exang_source_tensor",0.488747833842592
1337,"sex_source_tensor",0.488733955045912
1338,"exang_source_tensor",0.488720240736287
1339,"age_spline",0.488703229391038
1340,"cp_source_tensor",0.488689561153667
1341,"restecg_one-hot",0.488663499576294
1342,"exang_source_tensor",0.488649824703933
1343,"cp_source_tensor",0.488636202887103
1344,"oldpeak_spline",0.488617277109118
1345,"trestbps_spline",0.488599900147601
1346,"sex_source_tensor",0.488586127724236
1347,"exang_source_tensor",0.488572516574643
1348,"cp_source_tensor",0.488558959109786
1349,"thalach_spline",0.488541937072893
1350,"age_spline",0.48852515047219
1351,"exang_source_tensor",0.488511591458154
1352,"sex_source_tensor",0.488497894611418
1353,"exang_source_tensor",0.488484378959663
1354,"cp_source_tensor",0.488470901174264
1355,"sex_source_tensor",0.488457273131094
1356,"exang_source_tensor",0.488443813555893
1357,"trestbps_spline",0.488426689868411
1358,"cp_source_tensor",0.488413275559035
1359,"sex_source_tensor",0.488399708849816
1360,"age_spline",0.488383156752494
1361,"exang_source_tensor",0.488369752419137
1362,"thalach_spline",0.488352992883688
1363,"cp_source_tensor",0.48833964385384
1364,"exang_source_tensor",0.488326289562972
1365,"sex_source_tensor",0.488312796029916
1366,"cp_one-hot",0.488287346261157
1367,"sex_source_tensor",0.488273886050044
1368,"oldpeak_spline",0.488255423543633
1369,"exang_source_tensor",0.488242137874022
1370,"sex_source_tensor",0.48822872094062
1371,"age_spline",0.488212403344841
1372,"trestbps_spline",0.488195536527149
1373,"exang_source_tensor",0.488182292639425
1374,"sex_source_tensor",0.488168917061776
1375,"exang_source_tensor",0.488155715208422
1376,"thalach_spline",0.488139232334281
1377,"restecg_one-hot",0.488114101678035
1378,"exang_source_tensor",0.488100923318622
1379,"cp_source_tensor",0.488087784991952
1380,"sex_source_tensor",0.488074505278556
1381,"exang_source_tensor",0.488061381026648
1382,"age_spline",0.488045270614389
1383,"cp_source_tensor",0.48803219242259
1384,"sex_one-hot",0.488007201864433
1385,"trestbps_spline",0.48799056389129
1386,"exang_source_tensor",0.487977491825027
1387,"cp_source_tensor",0.487964467139642
1388,"exang_source_tensor",0.487951443605007
1389,"thalach_spline",0.487935196800595
1390,"cp_source_tensor",0.487922221624589
1391,"exang_source_tensor",0.487909246138062
1392,"age_spline",0.487893345024947
1393,"cp_source_tensor",0.487880412023477
1394,"oldpeak_spline",0.487862440526699
1395,"sex_source_tensor",0.487849357875467
1396,"exang_source_tensor",0.487836443232525
1397,"sex_source_tensor",0.487823408075183
1398,"trestbps_spline",0.487807026319026
1399,"cp_source_tensor",0.487794169391205
1400,"exang_source_tensor",0.487781306096798
1401,"sex_source_tensor",0.487768328150506
1402,"thalach_spline",0.487752343960413
1403,"age_spline",0.487736644370994
1404,"cp_source_tensor",0.487723847735064
1405,"exang_source_tensor",0.487711036870513
1406,"sex_source_tensor",0.487698121295559
1407,"exang_source_tensor",0.487685350660374
1408,"restecg_one-hot",0.48766104698686
1409,"cp_source_tensor",0.487648319814498
1410,"exang_source_tensor",0.487635583315358
1411,"trestbps_spline",0.487619428016196
1412,"cp_source_tensor",0.487606742871591
1413,"age_spline",0.487591236089025
1414,"exang_source_tensor",0.4875785456461
1415,"sex_source_tensor",0.4875657323796
1416,"thalach_spline",0.487549979226357
1417,"cp_source_tensor",0.487537352902088
1418,"oldpeak_spline",0.487519833298274
1419,"exang_source_tensor",0.487507200689148
1420,"sex_source_tensor",0.487494444345751
1421,"cp_one-hot",0.487470332467315
1422,"sex_source_tensor",0.487457606926305
1423,"exang_source_tensor",0.487445030300027
1424,"age_spline",0.487429728860247
1425,"trestbps_spline",0.487413817755887
1426,"sex_source_tensor",0.487401129095396
1427,"exang_source_tensor",0.487388590847956
1428,"sex_source_tensor",0.487375947497754
1429,"exang_source_tensor",0.487363448356844
1430,"thalach_spline",0.487347941248316
1431,"sex_source_tensor",0.487335343615754
1432,"exang_source_tensor",0.487322882847301
1433,"cp_source_tensor",0.487310468482229
1434,"age_spline",0.487295351998649
1435,"cp_source_tensor",0.487282965370286
1436,"exang_source_tensor",0.487270561809772
1437,"sex_source_tensor",0.487258042095472
1438,"trestbps_spline",0.487242348830246
1439,"exang_source_tensor",0.48722998260052
1440,"sex_source_tensor",0.48721750092456
1441,"oldpeak_spline",0.487200392794405
1442,"cp_source_tensor",0.487188088161627
1443,"thalach_spline",0.487172823422814
1444,"exang_source_tensor",0.48716051269048
1445,"restecg_one-hot",0.48713705233358
1446,"age_spline",0.487122107705613
1447,"cp_source_tensor",0.487109838276282
1448,"exang_source_tensor",0.487097559856357
1449,"sex_source_tensor",0.4870851704045
1450,"cp_source_tensor",0.487072959458516
1451,"trestbps_spline",0.487057494314778
1452,"exang_source_tensor",0.487045263586401
1453,"sex_source_tensor",0.48703292676002
1454,"exang_source_tensor",0.487020733848218
1455,"age_spline",0.487005972893495
1456,"cp_source_tensor",0.486993822296354
1457,"sex_source_tensor",0.486981541032654
1458,"thalach_spline",0.486966492158976
1459,"exang_source_tensor",0.486954347012369
1460,"cp_source_tensor",0.486942255758811
1461,"sex_source_tensor",0.486930033067402
1462,"exang_source_tensor",0.486917936054876
1463,"cp_one-hot",0.486894852294905
1464,"sex_source_tensor",0.486882662450016
1465,"trestbps_spline",0.48686741724932
1466,"age_spline",0.486852822346935
1467,"exang_source_tensor",0.486840772919412
1468,"sex_source_tensor",0.486828616485253
1469,"oldpeak_spline",0.486811931508493
1470,"sex_source_tensor",0.486799808056605
1471,"exang_source_tensor",0.486787805804536
1472,"thalach_spline",0.48677298176322
1473,"exang_source_tensor",0.486761011881053
1474,"sex_source_tensor",0.486748934858331
1475,"age_spline",0.486734525346534
1476,"cp_source_tensor",0.486722615279512
1477,"exang_source_tensor",0.486710692607279
1478,"trestbps_spline",0.486695664941383
1479,"sex_source_tensor",0.486683635199866
1480,"cp_source_tensor",0.4866717778283
1481,"restecg_one-hot",0.486649133895779
1482,"exang_source_tensor",0.486637244155431
1483,"exang_source_tensor",0.486625387286759
1484,"cp_source_tensor",0.486613576294805
1485,"thalach_spline",0.486598968657479
1486,"age_spline",0.486584705890687
1487,"sex_source_tensor",0.486572767237991
1488,"exang_source_tensor",0.486560955906124
1489,"cp_source_tensor",0.486549196204309
1490,"sex_source_tensor",0.486537312969382
1491,"trestbps_spline",0.486522481421401
1492,"exang_source_tensor",0.486510715180026
1493,"oldpeak_spline",0.486494444240891
1494,"sex_source_tensor",0.486482590495385
1495,"cp_source_tensor",0.486470895919078
1496,"age_spline",0.486456799120012
1497,"exang_source_tensor",0.486445084803109
1498,"sex_one-hot",0.486422750360506
1499,"thalach_spline",0.486408330707477
1500,"cp_source_tensor",0.486396680899085
1501,"exang_source_tensor",0.486385011234597
1502,"cp_source_tensor",0.486373401584615
1503,"exang_source_tensor",0.486361774118152
1504,"trestbps_spline",0.486347158467096
1505,"cp_source_tensor",0.486335585661414
1506,"age_spline",0.486321650019706
1507,"exang_source_tensor",0.486310063210342
1508,"sex_source_tensor",0.48629837531951
1509,"cp_source_tensor",0.486286850679547
1510,"thalach_spline",0.486272640963788
1511,"exang_source_tensor",0.486261098107121
1512,"sex_source_tensor",0.486249464423032
1513,"restecg_one-hot",0.486227529308678
1514,"exang_source_tensor",0.486216008820446
1515,"age_spline",0.486202224527589
1516,"cp_source_tensor",0.486190753264612
1517,"oldpeak_spline",0.486174865337761
1518,"cp_source_tensor",0.486163422923037
1519,"trestbps_spline",0.486149001620346
1520,"exang_source_tensor",0.486137536667552
1521,"sex_source_tensor",0.486125977132136
1522,"cp_one-hot",0.486104129879498
1523,"sex_source_tensor",0.486092597222965
1524,"exang_source_tensor",0.486081180589622
1525,"thalach_spline",0.486067171523644
1526,"age_spline",0.48605353728791
1527,"sex_source_tensor",0.486042040398876
1528,"exang_source_tensor",0.486030656855663
1529,"sex_source_tensor",0.486019198913172
1530,"exang_source_tensor",0.486007849778399
1531,"sex_source_tensor",0.485996430581853
1532,"trestbps_spline",0.485982209546843
1533,"exang_source_tensor",0.485970893569337
1534,"cp_source_tensor",0.485959628593517
1535,"age_spline",0.485946147161643
1536,"sex_source_tensor",0.48593477010641
1537,"exang_source_tensor",0.485923497404962
1538,"thalach_spline",0.485909675341472
1539,"cp_source_tensor",0.485898457224609
1540,"exang_source_tensor",0.485887223722828
1541,"sex_source_tensor",0.485875901465729
1542,"oldpeak_spline",0.485860374460568
1543,"cp_source_tensor",0.485849206699453
1544,"exang_source_tensor",0.48583802179647
1545,"age_spline",0.485824689065513
1546,"sex_source_tensor",0.485813408434689
1547,"trestbps_spline",0.485799379510646
1548,"cp_source_tensor",0.485788253973645
1549,"sex_source_tensor",0.485777015718342
1550,"exang_source_tensor",0.48576587493536
1551,"restecg_one-hot",0.485744680616117
1552,"exang_source_tensor",0.485733557994828
1553,"thalach_spline",0.485719933897968
1554,"cp_source_tensor",0.485708863409228
1555,"age_spline",0.485695653037671
1556,"cp_source_tensor",0.485684605112582
1557,"exang_source_tensor",0.485673529671457
1558,"sex_source_tensor",0.485662374013571
1559,"trestbps_spline",0.485648528536442
1560,"exang_source_tensor",0.485637485115167
1561,"sex_source_tensor",0.485626361162443
1562,"cp_source_tensor",0.485615381983903
1563,"exang_source_tensor",0.48560438062456
1564,"age_spline",0.485591311164642
1565,"sex_source_tensor",0.48558023238045
1566,"thalach_spline",0.485566789210113
1567,"cp_source_tensor",0.485555854553143
1568,"oldpeak_spline",0.485540696743905
1569,"exang_source_tensor",0.48552974057634
1570,"sex_source_tensor",0.485518706285622
1571,"cp_one-hot",0.485497803961574
1572,"sex_source_tensor",0.485486794879237
1573,"exang_source_tensor",0.485475883830236
1574,"trestbps_spline",0.485462239089599
1575,"age_spline",0.485449305332141
1576,"sex_source_tensor",0.485438322790029
1577,"exang_source_tensor",0.485427442753806
1578,"sex_source_tensor",0.485416496436796
1579,"exang_source_tensor",0.485405648801087
1580,"thalach_spline",0.485392385493856
1581,"cp_source_tensor",0.485381596048766
1582,"sex_source_tensor",0.485370698410316
1583,"exang_source_tensor",0.485359890340076
1584,"age_spline",0.485347091376888
1585,"cp_source_tensor",0.485336344442657
1586,"trestbps_spline",0.485322873289877
1587,"sex_source_tensor",0.485312013767121
1588,"exang_source_tensor",0.485301244908892
1589,"restecg_one-hot",0.485280746258998
1590,"exang_source_tensor",0.485269994635269
1591,"cp_source_tensor",0.485259295779954
1592,"age_spline",0.485246620892501
1593,"cp_source_tensor",0.485235943326345
1594,"thalach_spline",0.485222854981842
1595,"oldpeak_spline",0.485208049367933
1596,"sex_source_tensor",0.485197259473787
1597,"exang_source_tensor",0.485186559797895
1598,"sex_source_tensor",0.485175805103491
1599,"exang_source_tensor",0.485165137098022
1600,"cp_source_tensor",0.485154527022388
1601,"trestbps_spline",0.485141234577753
1602,"sex_source_tensor",0.485130521594733
1603,"age_spline",0.485117963575901
1604,"exang_source_tensor",0.485107333941333
1605,"cp_source_tensor",0.485096762277066
1606,"exang_source_tensor",0.485086170279108
1607,"sex_source_tensor",0.485075501271068
1608,"thalach_spline",0.485062591458256
1609,"cp_source_tensor",0.485052066887349
1610,"exang_source_tensor",0.485041512944788
1611,"sex_source_tensor",0.485030890536678
1612,"age_spline",0.485018457461672
1613,"cp_source_tensor",0.485007973483986
1614,"trestbps_spline",0.484994845732046
1615,"exang_source_tensor",0.484984329485514
1616,"sex_source_tensor",0.484973743098451
1617,"exang_source_tensor",0.484963257810349
1618,"oldpeak_spline",0.484948785621677
1619,"sex_source_tensor",0.484938228437252
1620,"cp_one-hot",0.484918241167902
1621,"thalach_spline",0.484905498217416
1622,"sex_source_tensor",0.484894965104261
1623,"age_spline",0.484882653914318
1624,"exang_source_tensor",0.484872213403086
1625,"sex_source_tensor",0.484861709305314
1626,"exang_source_tensor",0.484851299472479
1627,"restecg_one-hot",0.484831482350221
1628,"cp_source_tensor",0.484821127725435
1629,"exang_source_tensor",0.484810742380214
1630,"trestbps_spline",0.484797795628586
1631,"sex_source_tensor",0.484787349533253
1632,"age_spline",0.484775152048715
1633,"cp_source_tensor",0.484764834233214
1634,"exang_source_tensor",0.484754485746887
1635,"thalach_spline",0.484741905263219
1636,"sex_source_tensor",0.484731499282934
1637,"exang_source_tensor",0.484721179454246
1638,"cp_source_tensor",0.484710914881943
1639,"sex_source_tensor",0.484700553292263
1640,"age_spline",0.484688473521818
1641,"exang_source_tensor",0.484678191230439
1642,"cp_source_tensor",0.484667965540803
1643,"trestbps_spline",0.484655177594411
1644,"sex_source_tensor",0.484644850200593
1645,"oldpeak_spline",0.484630697449161
1646,"exang_source_tensor",0.484620456561696
1647,"sex_source_tensor",0.484610157175968
1648,"cp_source_tensor",0.484599983231334
1649,"thalach_spline",0.484587570785879
1650,"age_spline",0.484575599614578
1651,"exang_source_tensor",0.484565394120578
1652,"sex_source_tensor",0.484555133613993
1653,"cp_source_tensor",0.484544998052604
1654,"exang_source_tensor",0.484534830107808
1655,"sex_source_tensor",0.484524612921876
1656,"oldpeak_source_tensor",0.484514731728959
1657,"oldpeak_source_tensor",0.484504858723762
1658,"trestbps_spline",0.484492245683308
1659,"cp_source_tensor",0.484482151783134
1660,"oldpeak_source_tensor",0.484472288621447
1661,"sex_source_tensor",0.484462095112693
1662,"oldpeak_source_tensor",0.484452235821546
1663,"age_spline",0.484440378655092
1664,"oldpeak_source_tensor",0.484430528631849
1665,"oldpeak_source_tensor",0.484420686759132
1666,"sex_source_tensor",0.484410505790206
1667,"oldpeak_source_tensor",0.48440066776888
1668,"thalach_spline",0.484388401937563
1669,"oldpeak_source_tensor",0.484378570814785
1670,"cp_source_tensor",0.484368519440855
1671,"oldpeak_source_tensor",0.484358696722464
1672,"sex_source_tensor",0.484348544474345
1673,"oldpeak_source_tensor",0.484338725597462
1674,"oldpeak_source_tensor",0.484328914838711
1675,"oldpeak_source_tensor",0.484319112187575
1676,"restecg_one-hot",0.484299938650441
1677,"oldpeak_source_tensor",0.484290139597343
1678,"cp_source_tensor",0.484280119288293
1679,"oldpeak_source_tensor",0.484270328595077
1680,"sex_source_tensor",0.484260211204273
1681,"oldpeak_source_tensor",0.484250424324003
1682,"age_spline",0.484238672024035
1683,"oldpeak_source_tensor",0.484228894231409
1684,"oldpeak_source_tensor",0.484219124503981
1685,"sex_source_tensor",0.484209019525755
1686,"oldpeak_source_tensor",0.484199253592686
1687,"oldpeak_source_tensor",0.484189495712849
1688,"cp_source_tensor",0.484179517399812
1689,"trestbps_spline",0.484167064089274
1690,"oldpeak_source_tensor",0.484157315761846
1691,"sex_source_tensor",0.484147234244297
1692,"oldpeak_source_tensor",0.484137489696651
1693,"oldpeak_source_tensor",0.484127753179182
1694,"oldpeak_spline",0.484113953462657
1695,"sex_source_tensor",0.484103889059125
1696,"oldpeak_source_tensor",0.48409415897448
1697,"oldpeak_source_tensor",0.48408443690607
1698,"thalach_spline",0.484072320658895
1699,"oldpeak_source_tensor",0.484062605247976
1700,"sex_source_tensor",0.484052558657699
1701,"oldpeak_source_tensor",0.484042847003843
1702,"age_spline",0.484031204307956
1703,"cp_source_tensor",0.484021275000489
1704,"oldpeak_source_tensor",0.484011572540684
1705,"oldpeak_source_tensor",0.484001878064877
1706,"sex_source_tensor",0.483991854329597
1707,"oldpeak_source_tensor",0.483982163596696
1708,"oldpeak_source_tensor",0.483972480835993
1709,"oldpeak_source_tensor",0.483962806037203
1710,"sex_source_tensor",0.483952799528221
1711,"oldpeak_source_tensor",0.483943128457352
1712,"oldpeak_source_tensor",0.483933465336647
1713,"cp_source_tensor",0.483923583335467
1714,"oldpeak_source_tensor",0.483913928399395
1715,"sex_source_tensor",0.483903949582183
1716,"oldpeak_source_tensor",0.483894298363111
1717,"oldpeak_source_tensor",0.483884655073609
1718,"oldpeak_source_tensor",0.483875019703457
1719,"sex_source_tensor",0.483865058003139
1720,"oldpeak_source_tensor",0.483855426335126
1721,"trestbps_spline",0.48384315207771
1722,"age_spline",0.483831620136793
1723,"cp_source_tensor",0.483821776432022
1724,"oldpeak_source_tensor",0.483812154928118
1725,"thalach_spline",0.483800171744183
1726,"oldpeak_source_tensor",0.48379055669996
1727,"sex_source_tensor",0.483780613725317
1728,"oldpeak_source_tensor",0.483771002368491
1729,"oldpeak_source_tensor",0.48376139889627
1730,"oldpeak_source_tensor",0.483751803298503
1731,"sex_source_tensor",0.48374187736468
1732,"oldpeak_source_tensor",0.483732285439597
1733,"oldpeak_source_tensor",0.483722701377405
1734,"cp_source_tensor",0.483712904278802
1735,"oldpeak_source_tensor",0.483703328299492
1736,"sex_source_tensor",0.483693429754362
1737,"oldpeak_source_tensor",0.483683857437051
1738,"oldpeak_source_tensor",0.483674292962355
1739,"oldpeak_source_tensor",0.483664736320191
1740,"age_spline",0.483653314229163
1741,"sex_source_tensor",0.483643427796648
1742,"oldpeak_source_tensor",0.483633875583682
1743,"oldpeak_source_tensor",0.483624331189694
1744,"cp_source_tensor",0.483614574644688
1745,"oldpeak_source_tensor",0.483605038282336
1746,"sex_source_tensor",0.483595179095319
1747,"oldpeak_source_tensor",0.483585646367096
1748,"oldpeak_source_tensor",0.483576121437739
1749,"oldpeak_source_tensor",0.483566604297232
1750,"sex_source_tensor",0.483556761955201
1751,"thalach_spline",0.483544915341268
1752,"oldpeak_source_tensor",0.483535400317942
1753,"trestbps_spline",0.483523284917392
1754,"oldpeak_source_tensor",0.483513778718072
1755,"sex_source_tensor",0.483503953667357
1756,"oldpeak_source_tensor",0.483494451081431
1757,"oldpeak_source_tensor",0.48348495626154
1758,"oldpeak_source_tensor",0.483475469197721
1759,"cp_source_tensor",0.483465766750561
1760,"age_spline",0.483454440761048
1761,"restecg_one-hot",0.483435872786553
1762,"oldpeak_source_tensor",0.483426389779749
1763,"oldpeak_source_tensor",0.483416914511163
1764,"cp_source_tensor",0.483407224842095
1765,"oldpeak_spline",0.483393776222112
1766,"sex_source_tensor",0.483383985872167
1767,"oldpeak_source_tensor",0.483374516563006
1768,"oldpeak_source_tensor",0.483365054981062
1769,"oldpeak_source_tensor",0.483355601116434
1770,"sex_source_tensor",0.483345827435904
1771,"oldpeak_source_tensor",0.483336377143602
1772,"oldpeak_source_tensor",0.483326934557385
1773,"oldpeak_source_tensor",0.483317499667385
1774,"sex_source_tensor",0.483307742624389
1775,"oldpeak_source_tensor",0.483298311292567
1776,"oldpeak_source_tensor",0.483288887645778
1777,"cp_source_tensor",0.483279252964881
1778,"age_spline",0.483268025282482
1779,"oldpeak_source_tensor",0.483258610197948
1780,"sex_source_tensor",0.483248875131601
1781,"thalach_spline",0.483237159936703
1782,"oldpeak_source_tensor",0.483227746819651
1783,"oldpeak_source_tensor",0.483218341367911
1784,"oldpeak_source_tensor",0.483208943571683
1785,"sex_source_tensor",0.483199225769891
1786,"trestbps_spline",0.48318726956758
1787,"oldpeak_source_tensor",0.483177876262609
1788,"oldpeak_source_tensor",0.483168490600567
1789,"cp_source_tensor",0.483158892727214
1790,"oldpeak_source_tensor",0.483149514895037
1791,"sex_source_tensor",0.48313981956225
1792,"oldpeak_source_tensor",0.483130445251368
1793,"oldpeak_source_tensor",0.483121078563953
1794,"oldpeak_source_tensor",0.483111719490266
1795,"sex_source_tensor",0.483102040614729
1796,"oldpeak_source_tensor",0.483092685048433
1797,"age_spline",0.483081554534293
1798,"oldpeak_source_tensor",0.483072207201738
1799,"cp_source_tensor",0.483062648588593
1800,"oldpeak_source_tensor",0.483053309037121
1801,"sex_source_tensor",0.483043651911499
1802,"oldpeak_source_tensor",0.483034315855107
1803,"oldpeak_source_tensor",0.483024987380339
1804,"oldpeak_source_tensor",0.483015666477523
1805,"sex_source_tensor",0.483006025724232
1806,"oldpeak_source_tensor",0.482996708302717
1807,"thalach_spline",0.482985123330644
1808,"oldpeak_source_tensor",0.4829758118249
1809,"oldpeak_source_tensor",0.482966507872438
1810,"sex_source_tensor",0.482956884241397
1811,"oldpeak_source_tensor",0.482947583759074
1812,"oldpeak_source_tensor",0.482938290819142
1813,"cp_source_tensor",0.482928786960684
1814,"oldpeak_source_tensor",0.482919501734816
1815,"sex_source_tensor",0.482909904373735
1816,"age_spline",0.48289886913609
1817,"trestbps_spline",0.48288706453358
1818,"oldpeak_source_tensor",0.482877784219123
1819,"oldpeak_source_tensor",0.482868511424966
1820,"sex_source_tensor",0.482858925654521
1821,"oldpeak_source_tensor",0.482849656310869
1822,"oldpeak_source_tensor",0.48284039447669
1823,"cp_source_tensor",0.482830926665618
1824,"oldpeak_source_tensor",0.48282167250723
1825,"oldpeak_source_tensor",0.482812425840567
1826,"sex_source_tensor",0.482802862148832
1827,"oldpeak_source_tensor",0.482793618914645
1828,"oldpeak_source_tensor",0.482784383161415
1829,"oldpeak_spline",0.482771255468908
1830,"sex_source_tensor",0.482761708257807
1831,"oldpeak_source_tensor",0.482752477718019
1832,"oldpeak_source_tensor",0.482743254648028
1833,"oldpeak_source_tensor",0.482734039038332
1834,"sex_source_tensor",0.482724507943323
1835,"thalach_spline",0.482713051753579
1836,"age_spline",0.482702108928997
1837,"oldpeak_source_tensor",0.48269289557978
1838,"cp_source_tensor",0.482683474915408
1839,"oldpeak_source_tensor",0.482674269184201
1840,"oldpeak_source_tensor",0.48266507089485
1841,"sex_source_tensor",0.48265556188899
1842,"oldpeak_source_tensor",0.482646367002476
1843,"oldpeak_source_tensor",0.482637179547144
1844,"restecg_one-hot",0.482619211893666
1845,"oldpeak_source_tensor",0.482610027159427
1846,"cp_source_tensor",0.482600634181352
1847,"oldpeak_source_tensor",0.482591457027558
1848,"oldpeak_source_tensor",0.482582287280911
1849,"trestbps_spline",0.482570646203881
1850,"sex_source_tensor",0.482561165031698
1851,"oldpeak_source_tensor",0.482551999448459
1852,"oldpeak_source_tensor",0.482542841260658
1853,"age_spline",0.482531987109526
1854,"cp_source_tensor",0.482522619620936
1855,"oldpeak_source_tensor",0.48251346946767
1856,"sex_source_tensor",0.48250400943045
1857,"oldpeak_source_tensor",0.482494862643264
1858,"oldpeak_source_tensor",0.482485723231452
1859,"oldpeak_source_tensor",0.48247659118566
1860,"sex_source_tensor",0.482467147058162
1861,"oldpeak_source_tensor",0.48245801836529
1862,"oldpeak_source_tensor",0.482448897027933
1863,"thalach_spline",0.482437561883261
1864,"cp_source_tensor",0.482428237195148
1865,"oldpeak_source_tensor",0.482419121599964
1866,"oldpeak_source_tensor",0.482410013345146
1867,"sex_source_tensor",0.482400591729047
1868,"oldpeak_source_tensor",0.482391486812537
1869,"oldpeak_source_tensor",0.48238238922594
1870,"sex_source_tensor",0.482372987418948
1871,"oldpeak_source_tensor",0.482363893165655
1872,"age_spline",0.482353127963309
1873,"oldpeak_source_tensor",0.482344041470947
1874,"cp_source_tensor",0.482334754319884
1875,"oldpeak_source_tensor",0.482325675284967
1876,"oldpeak_source_tensor",0.482316603550958
1877,"sex_source_tensor",0.482307218645576
1878,"oldpeak_source_tensor",0.482298150225714
1879,"trestbps_spline",0.482286653721596
1880,"oldpeak_source_tensor",0.482277593316029
1881,"sex_source_tensor",0.482268224364567
1882,"oldpeak_source_tensor",0.48225916726634
1883,"oldpeak_source_tensor",0.482250117447289
1884,"oldpeak_source_tensor",0.482241074898208
1885,"sex_source_tensor",0.482231721652936
1886,"oldpeak_source_tensor",0.48222268239831
1887,"oldpeak_source_tensor",0.482213650403343
1888,"cp_source_tensor",0.482204413646194
1889,"thalach_spline",0.482193201226415
1890,"age_spline",0.482182522085995
1891,"oldpeak_source_tensor",0.482173496078874
1892,"sex_source_tensor",0.48216416453126
1893,"oldpeak_source_tensor",0.482155141810571
1894,"oldpeak_source_tensor",0.482146126332319
1895,"oldpeak_source_tensor",0.482137118087357
1896,"sex_source_tensor",0.482127802158514
1897,"oldpeak_source_tensor",0.482118797187193
1898,"oldpeak_spline",0.482105980692514
1899,"cp_one-hot",0.482088335021604
1900,"sex_source_tensor",0.482079032576115
1901,"oldpeak_source_tensor",0.482070039327313
1902,"oldpeak_source_tensor",0.48206105328799
1903,"oldpeak_source_tensor",0.482052074449048
1904,"sex_source_tensor",0.482042787563935
1905,"oldpeak_source_tensor",0.482033811980627
1906,"oldpeak_source_tensor",0.482024843587524
1907,"oldpeak_source_tensor",0.48201588237556
1908,"sex_source_tensor",0.482006611021612
1909,"oldpeak_source_tensor",0.481997653052638
1910,"age_spline",0.481987081588796
1911,"oldpeak_source_tensor",0.481978131173182
1912,"sex_source_tensor",0.481968874760621
1913,"oldpeak_source_tensor",0.481959927581424
1914,"thalach_spline",0.481948822019473
1915,"oldpeak_source_tensor",0.481939880205487
1916,"trestbps_spline",0.481928549561166
1917,"oldpeak_source_tensor",0.48191961561459
1918,"sex_source_tensor",0.481910371855588
1919,"oldpeak_source_tensor",0.4819014411338
1920,"cp_source_tensor",0.481892313902389
1921,"oldpeak_source_tensor",0.481883390444742
1922,"oldpeak_source_tensor",0.481874474121099
1923,"sex_source_tensor",0.481865255277538
1924,"oldpeak_source_tensor",0.481856342169823
1925,"oldpeak_source_tensor",0.481847436186066
1926,"restecg_one-hot",0.481830020164358
1927,"oldpeak_source_tensor",0.481821116597333
1928,"age_spline",0.481810618765912
1929,"cp_source_tensor",0.481801512519963
1930,"oldpeak_source_tensor",0.481792616534438
1931,"oldpeak_source_tensor",0.481783727649126
1932,"sex_source_tensor",0.48177453465632
1933,"oldpeak_source_tensor",0.481765648963917
1934,"oldpeak_source_tensor",0.481756770361767
1935,"cp_source_tensor",0.481747696031968
1936,"oldpeak_source_tensor",0.481738824626894
1937,"sex_source_tensor",0.481729656366652
1938,"oldpeak_source_tensor",0.481720788145764
1939,"oldpeak_source_tensor",0.481711926997642
1940,"oldpeak_source_tensor",0.4817030729134
1941,"sex_source_tensor",0.481693919905292
1942,"oldpeak_source_tensor",0.481685068992936
1943,"thalach_spline",0.48167408492036
1944,"oldpeak_source_tensor",0.481665239217601
1945,"age_spline",0.481654826606506
1946,"trestbps_spline",0.481643632485077
1947,"cp_source_tensor",0.481634591318826
1948,"oldpeak_source_tensor",0.481625753725207
1949,"sex_source_tensor",0.481616618268467
1950,"oldpeak_source_tensor",0.481607783837755
1951,"oldpeak_source_tensor",0.481598956443914
1952,"oldpeak_source_tensor",0.481590136078113
1953,"sex_source_tensor",0.4815810158008
1954,"oldpeak_source_tensor",0.481572198585702
1955,"oldpeak_source_tensor",0.481563388388821
1956,"oldpeak_source_tensor",0.481554585201353
1957,"sex_source_tensor",0.481545480075187
1958,"oldpeak_source_tensor",0.481536680026277
1959,"oldpeak_source_tensor",0.481527886976999
1960,"cp_source_tensor",0.481518896575776
1961,"oldpeak_source_tensor",0.481510110620628
1962,"oldpeak_spline",0.481497583133915
1963,"sex_source_tensor",0.481488499283071
1964,"oldpeak_source_tensor",0.481479717583969
1965,"age_spline",0.48146938667071
1966,"oldpeak_source_tensor",0.481460612243934
1967,"sex_source_tensor",0.481451542888126
1968,"oldpeak_source_tensor",0.481442771584455
1969,"oldpeak_source_tensor",0.481434007253142
1970,"thalach_spline",0.481423131358555
1971,"oldpeak_source_tensor",0.481414372114142
1972,"cp_source_tensor",0.481405415407035
1973,"oldpeak_source_tensor",0.481396663217991
1974,"sex_source_tensor",0.481387615295379
1975,"oldpeak_source_tensor",0.481378866216409
1976,"oldpeak_source_tensor",0.481370124086299
1977,"oldpeak_source_tensor",0.48136138889635
1978,"sex_source_tensor",0.481352355950629
1979,"oldpeak_source_tensor",0.481343623858786
1980,"trestbps_spline",0.481332580837305
1981,"oldpeak_source_tensor",0.481323856270623
1982,"age_spline",0.481313607927926
1983,"cp_source_tensor",0.481304684333949
1984,"oldpeak_source_tensor",0.481295967031875
1985,"sex_source_tensor",0.481286950383214
1986,"oldpeak_source_tensor",0.481278236167905
1987,"oldpeak_source_tensor",0.481269528864356
1988,"oldpeak_source_tensor",0.481260828463923
1989,"sex_source_tensor",0.481251826727672
1990,"oldpeak_source_tensor",0.481243129402143
1991,"oldpeak_source_tensor",0.48123443897015
1992,"cp_source_tensor",0.481225555710735
1993,"oldpeak_source_tensor",0.481216872250976
1994,"sex_source_tensor",0.481207894541156
1995,"oldpeak_source_tensor",0.481199214148029
1996,"thalach_spline",0.481188450983336
1997,"oldpeak_source_tensor",0.481179775556074
1998,"oldpeak_source_tensor",0.481171106999301
1999,"sex_source_tensor",0.481162145143331
2000,"age_spline",0.481151972507436
